{"precision":{"value":0.9254879612},"recall":{"value":0.9254879612},"map50":{"value":0.9254879612},"map50_95":{"value":0.9254879612},"f1":{"value":0.9254879612}}