{
  "total_poles": 22351,
  "verified_good": 0,
  "in_question": 18599,
  "new_missing": 3746,
  "automation_rate": 0.0,
  "review_queue_rate": 83.21327904791733,
  "match_rate": 29.659286328460876,
  "matched_poles": 5519,
  "match_denominator": 18608,
  "inventory_hints_added": 4515
}