{
  "total_poles": 65336,
  "verified_good": 0,
  "in_question": 19523,
  "new_missing": 45813,
  "automation_rate": 0.0,
  "review_queue_rate": 29.880923227623363,
  "match_rate": 52.23552281563332,
  "matched_poles": 10211,
  "match_denominator": 19548,
  "inventory_hints_added": 19507
}